Estimated Cost  Millions ,Estimated Years to Complete,Bid Price  Millions  ,Sector,Region of Country,Number of Competitor Bids,Competitor A,Competitor B,Competitor C,Competitor D,Competitor E,Competitor F,Competitor G,Competitor H,Competitor I,Competitor J,Win Bid,Winning Bid Price  Millions ,Cost After Engineering Estimate  Thousands 
127.6,0.8,134.430244,9,Northeast,17,1,1,0,0,1,1,0,0,0,1,Yes,134.43,290
126.8,0.27,142.75649,5,Southeast,20,0,1,0,0,1,1,0,0,1,1,No,132.74,180
96.6,3.31,106.570302,3,West,19,1,0,0,0,1,1,0,1,0,1,No,103.33,210
195.8,2.75,216.901091,7,West,6,0,1,1,0,0,1,0,0,0,1,Yes,216.9,350
403.8,5.93,436.423688,10,Northeast,1,0,0,0,0,0,0,0,0,0,1,Yes,436.42,970
125.2,1.3,138.464919,3,Southwest,13,0,1,0,0,1,1,0,1,1,1,No,133.85,230
147.2,2.21,165.774389,5,Northeast,11,0,1,0,0,1,1,0,0,1,1,No,162.37,260
207.6,8.74,227.018191,5,Southwest,8,0,0,0,0,1,1,0,1,1,1,No,221.02,270
210.4,5.26,228.203791,3,Southwest,10,0,0,0,0,0,0,0,0,1,1,No,227.83,360
125.2,1.92,139.679494,10,Southeast,13,0,0,0,0,1,0,0,1,0,0,No,138.29,240
36.6,2,41.3183674,8,Northeast,15,1,1,0,0,1,0,0,1,1,0,No,39.04,70
115.8,5.39,128.099967,10,West,12,0,0,0,0,0,1,0,1,0,1,No,119.54,160
137.6,3.28,153.445604,10,West,16,0,1,0,0,1,1,0,0,0,1,No,145.99,70
71.8,1.01,79.0061581,10,West,11,0,0,0,0,1,1,0,1,0,1,No,78.15,120
59.4,2.87,65.2200179,5,West,18,0,1,0,0,1,1,0,1,1,1,No,64.95,140
113,1.35,128.549633,9,Northeast,16,0,1,0,0,1,0,0,1,0,1,No,124.67,110
170.2,5.65,187.500428,5,Southwest,11,0,0,0,0,1,1,0,0,1,1,No,175.37,430
77.8,3.9,85.8207147,4,Mid-west,14,1,1,0,0,1,1,0,1,0,0,No,79.58,70
228.8,5.99,251.947859,4,Northeast,7,0,1,0,1,1,0,0,0,0,0,No,242.78,210
192.8,5.48,211.503004,2,Southeast,10,0,1,0,0,1,1,0,0,1,1,No,204.03,170
45,1.83,48.2017418,8,Southwest,15,1,1,0,0,1,1,1,1,0,0,No,48.2,90
291.4,7.88,315.791228,10,Southeast,10,1,1,0,0,1,1,0,1,0,0,No,310.24,520
94.8,0.14,102.863752,7,Northeast,16,1,1,0,0,1,0,0,0,0,1,No,99.41,170
97,1.95,105.956816,10,Northeast,13,1,1,0,0,0,1,0,1,0,1,No,101.81,240
152.8,8.39,175.865838,8,Southwest,16,0,0,0,0,1,1,1,0,0,0,No,161.84,110
53.2,0.91,56.5011702,10,Northeast,11,1,1,0,0,0,0,0,1,0,1,No,56.12,60
161.8,1.02,181.534702,8,Northeast,14,0,1,0,0,0,1,0,1,0,1,No,175.34,210
94,1.12,107.702837,10,Southwest,10,0,1,0,0,1,1,1,1,0,1,No,103.92,140
159.2,3.52,177.574493,3,Northeast,14,0,0,0,0,1,0,0,0,0,0,No,177.31,400
273,5.51,303.578423,9,West,7,0,1,1,0,1,1,0,1,1,1,No,283.79,440
233.2,6.59,266.036096,6,West,9,0,0,0,0,1,1,0,0,0,0,No,247.2,160
158.2,2.59,170.345563,7,West,16,0,1,1,0,1,1,0,1,0,0,No,165.46,140
131.8,1.41,146.137347,1,West,12,1,0,1,0,1,1,0,0,0,1,No,141.82,250
177.8,6.44,194.815544,3,Southeast,12,1,1,0,0,1,0,0,1,1,0,No,194.25,280
246.6,7.2,264.150916,5,Northeast,6,0,1,0,0,1,0,0,0,0,0,Yes,264.15,220
219.8,3.61,249.59154,6,West,10,0,1,0,0,1,1,0,0,0,1,No,227.77,290
176,6.79,197.687881,2,Northeast,9,0,1,0,1,1,1,0,1,1,0,No,193.71,330
131,2.47,144.711046,7,Southeast,17,1,1,0,0,1,0,0,0,1,1,No,142.54,140
176.8,4.21,190.881808,1,Northeast,14,1,0,0,1,1,1,0,0,0,1,No,190.77,340
88.8,1.44,97.4577943,4,Mid-west,13,1,1,0,0,1,1,0,1,0,0,No,91.72,180
146.6,3.13,161.665846,10,Mid-west,17,0,1,0,0,0,1,1,0,0,0,No,153.58,130
83.4,1.5,94.9287596,10,West,18,1,0,0,0,1,0,0,1,0,1,No,87.11,160
199.8,5.61,219.002377,3,Mid-west,12,1,0,0,0,1,1,0,0,0,1,No,212,260
97,3.97,107.997458,9,Northeast,18,0,1,0,0,1,0,0,1,0,0,No,102.08,70
53.4,0.77,57.3302447,8,West,11,0,1,0,0,0,1,0,0,0,0,Yes,57.33,70
46,0.2,49.7708573,9,West,15,1,0,1,0,1,1,0,1,0,1,No,49,40
107,6.15,116.126918,8,Southeast,13,0,1,0,0,1,0,0,1,0,0,No,114.56,60
43.4,2.66,47.9820442,10,Southeast,16,1,1,0,0,0,1,0,1,0,1,No,47.36,70
325.4,9.22,356.460423,8,West,2,0,1,0,0,0,0,0,1,0,0,Yes,356.46,590
94.8,2.75,103.593058,5,West,19,1,0,0,0,1,1,0,1,0,0,No,102.99,170
186.6,3.79,204.36708,6,Southwest,10,0,0,0,0,1,1,1,1,0,1,No,197.84,370
85.6,3.88,94.7800139,2,Southeast,17,0,1,0,0,1,1,0,1,1,1,No,90.91,90
129.2,0.38,142.637968,3,Northeast,13,1,1,0,1,1,0,0,0,0,1,No,132.99,270
36.4,5.21,40.9643414,3,West,13,1,1,0,0,1,1,0,0,0,1,No,38.26,30
74.8,3.59,81.3808002,7,Northeast,13,0,1,0,0,1,1,0,1,0,1,No,79.61,130
299.8,9.37,328.853513,8,West,8,0,1,0,0,1,0,0,0,0,0,Yes,328.85,750
83.6,0.72,91.3980623,1,Northeast,14,1,1,0,1,1,0,0,1,0,1,No,89.38,80
465,10.39,516.331324,4,Southeast,5,0,1,0,0,1,1,0,1,0,0,No,496.35,930
125.4,3.14,140.154673,9,Northeast,15,1,0,0,0,1,1,0,0,0,1,No,131.57,240
63,3.15,70.7799369,3,West,17,1,0,0,0,1,1,0,1,1,0,No,67.05,40
177,3.29,196.480155,2,West,8,0,1,0,0,0,1,0,0,0,0,Yes,196.48,180
143,3.01,157.836742,10,Southeast,14,0,1,0,0,1,0,0,0,0,0,No,151.64,190
154.8,1.65,168.681713,3,Northeast,12,0,1,0,1,1,0,0,0,0,1,No,166.74,370
287.6,10.09,308.923875,3,Southwest,2,0,0,0,0,1,0,0,1,0,0,Yes,308.92,350
141.4,2.2,159.99451,3,Southeast,12,0,1,0,0,1,1,0,0,1,1,No,149.26,170
104.2,2.59,115.862536,6,Southeast,14,0,0,0,0,1,1,0,1,0,0,No,115.07,60
207.6,6.68,234.048192,4,Northeast,7,0,1,0,1,1,0,0,0,0,0,No,217.55,310
139.2,4.17,158.618559,6,Northeast,11,1,1,0,0,1,0,0,0,0,0,No,145.98,310
94.8,6.35,104.301012,9,West,14,0,1,1,0,1,1,0,1,0,1,No,99.43,220
67.2,2.44,71.9545731,6,Southeast,17,0,1,0,0,1,0,0,1,0,1,No,71.16,90
101.4,4.08,111.892868,8,West,18,0,1,0,0,1,1,0,1,0,0,No,108.94,170
163.2,3.6,179.017431,2,Southwest,11,1,1,0,0,1,1,0,0,1,0,No,173.34,390
170.6,6.38,188.020327,9,West,14,0,1,1,0,1,1,0,0,1,1,No,185.61,340
109.2,2.79,123.130258,8,Southeast,17,0,1,0,0,0,0,0,1,0,0,No,118.76,260
161,8.49,176.196701,1,Northeast,14,1,0,0,1,1,1,0,1,0,1,No,169.55,320
195.8,7.3,214.338202,1,Mid-west,10,1,0,0,0,1,1,0,0,0,1,No,209.27,330
107,0.46,117.554498,1,Northeast,20,1,1,0,1,1,0,0,1,0,1,No,116.19,50
271.4,6.65,301.383646,5,West,7,0,1,0,0,1,1,0,0,0,1,No,294.57,410
148.6,1.45,165.523426,7,West,12,0,1,1,0,1,1,0,1,1,1,No,161.38,340
65.4,1.5,72.7690259,7,Northeast,24,1,1,0,0,1,1,0,1,0,0,No,69.13,130
100.6,0.04,115.324412,4,Northeast,17,1,1,0,1,0,1,0,1,0,0,No,110.92,60
429,11.85,490.821767,4,Southeast,1,1,0,0,0,0,0,0,0,0,0,Yes,490.82,1070
109.4,2.16,120.322742,2,Northeast,12,0,1,0,1,1,1,0,1,1,1,No,113.77,220
116.4,1.97,129.515537,7,West,10,0,1,0,0,1,1,0,0,0,1,No,123.19,80
233.6,2.11,251.111311,7,West,7,0,1,1,0,0,1,0,0,0,1,Yes,251.11,160
137.4,2.23,151.93396,9,Mid-west,12,1,1,0,0,1,1,1,0,1,1,No,147.64,160
190.2,5.52,206.392241,8,Northeast,12,0,1,0,0,1,0,0,1,0,1,No,203.34,250
222.8,0.04,245.799245,6,Southeast,6,0,1,0,0,1,0,0,0,0,1,No,241.92,200
388.6,11.84,422.864459,4,Southwest,5,0,1,0,0,1,1,0,0,0,1,No,418.18,540
138.8,1.77,149.223332,4,Southeast,15,1,1,0,0,1,0,0,0,1,0,No,146.03,70
121,3.36,138.659467,5,Southwest,12,0,1,0,0,1,1,0,1,1,1,No,127.74,230
102.6,2.5,114.517975,4,Southeast,17,0,1,0,0,1,0,0,1,0,0,No,108.54,250
238.4,10.94,254.46454,3,Northeast,3,0,1,0,1,1,0,0,0,0,0,Yes,254.46,360
63.8,2.7,70.5373736,5,Southwest,8,0,1,0,0,1,1,0,1,1,1,No,69.89,150
219.2,7.58,242.240946,5,Northeast,9,1,1,0,0,1,0,0,0,0,1,No,234.58,260
125,0.12,135.241268,4,Southeast,14,1,1,0,0,1,0,0,1,1,0,No,134.28,210
91.8,6.92,102.576393,3,Southeast,15,1,1,0,0,1,0,0,0,1,1,No,100.92,80
108.6,5.2,119.421498,5,West,12,0,0,0,0,1,1,0,1,0,1,No,117.28,150
394,11.71,450.292947,7,West,3,0,1,0,0,0,1,0,0,0,1,Yes,450.29,280
156.4,7.44,169.430575,4,Northeast,10,0,1,0,1,1,0,0,1,0,0,No,165.03,270
99.6,1.72,108.842478,2,West,14,0,1,0,0,1,1,0,1,0,1,No,108.81,110
176.6,7.4,193.551712,5,Mid-west,11,1,1,0,0,1,1,0,0,0,1,No,188.82,190
203,6.14,218.392715,4,Northeast,8,0,1,0,1,0,1,0,0,0,0,No,218.08,140
356.8,8.44,400.150486,2,Southwest,1,0,0,0,0,1,0,0,0,0,0,Yes,400.15,180
214.2,3.09,237.591376,1,Southwest,12,0,1,0,0,1,1,0,1,1,1,No,225.49,240
380.6,11.62,402.592905,3,Mid-west,4,1,1,0,0,1,0,0,0,0,1,Yes,402.59,530
153.8,2.66,170.372251,8,West,17,0,1,0,0,1,1,0,0,0,1,No,166.57,250
151,3.74,167.017808,1,Southwest,10,1,1,0,0,1,1,0,0,1,1,No,159.99,90
119.6,3.27,129.025833,6,Northeast,11,0,1,0,0,1,1,0,1,0,0,No,126.19,170
59.4,4.19,63.2053707,7,Southeast,16,0,1,0,0,1,0,0,1,0,1,No,62.28,110
147.4,7.6,159.970723,5,Southeast,11,0,1,0,0,1,0,0,0,1,0,No,155.63,250
95.2,3.94,104.64643,2,Northeast,16,0,1,0,1,1,1,0,1,0,0,No,102.16,80
87.4,1.97,96.9662554,3,West,13,0,1,0,0,1,1,0,0,0,1,No,91.16,150
84,2.11,89.6063044,10,West,14,1,0,0,0,1,1,0,0,0,1,No,87.84,190
147,4.01,161.620298,3,West,16,1,1,0,0,1,0,0,0,0,0,No,154.03,260
281.6,7.05,321.255742,3,Northeast,5,0,1,0,1,1,1,0,0,0,1,No,296.64,250
295.6,11.61,326.890798,3,West,6,0,0,0,0,1,1,0,0,0,1,Yes,326.89,240
192.2,5.62,208.178602,10,Northeast,8,1,1,0,0,1,1,0,1,0,1,No,205.35,290
109.8,1.38,122.741038,7,Northeast,10,0,1,0,0,1,0,0,0,0,1,No,117.21,120
308,3.37,344.969951,5,West,7,0,0,0,0,0,1,0,0,1,0,No,326.11,740
162,4.44,178.196774,10,West,15,0,1,0,0,0,1,0,0,0,1,No,177.81,240
85.8,1.57,94.7533582,6,Southeast,14,1,1,0,0,1,0,0,0,0,0,No,91.71,210
274.8,4.74,305.309143,3,Southwest,9,0,1,0,0,1,1,0,1,0,1,No,299.58,490
152,4.7,166.242499,4,Northeast,15,1,0,0,1,1,0,0,0,0,0,No,159.88,150
211,6.42,239.098927,3,West,5,0,1,0,0,0,1,0,1,0,1,No,223.49,460
203.6,3.35,228.447813,5,Southeast,8,0,1,0,0,1,0,0,0,1,1,No,210.84,290
245.6,5.86,271.32355,10,Southeast,13,0,1,0,0,1,1,0,0,0,1,No,266.94,370
141.8,5.01,155.69059,7,Northeast,13,0,1,0,0,1,0,0,0,0,1,No,153.56,130
79.2,1.87,87.849887,3,Northeast,17,1,1,0,1,1,1,0,0,0,1,No,84.62,130
281,6.75,305.321929,6,Northeast,10,0,1,0,0,1,0,0,0,1,0,No,304.07,200
97.4,1.79,108.547956,3,Northeast,14,1,1,0,1,0,0,0,1,0,1,No,104.34,70
228.6,8.49,256.446986,10,Northeast,8,0,1,0,0,1,0,0,0,0,1,No,244.25,270
98.8,1.53,111.184801,5,West,17,0,1,0,0,1,1,0,0,0,1,No,108.32,80
56.6,0.26,61.430398,4,Northeast,15,0,1,0,1,1,0,0,1,0,0,No,60.55,130
199.6,2.41,206.843942,8,Northeast,6,1,1,0,0,1,0,0,0,1,0,Yes,206.84,140
314.6,11.22,338.650786,7,West,7,1,0,0,0,1,1,0,0,0,1,Yes,338.65,410
191,1.2,214.84654,6,Northeast,4,0,1,0,0,1,1,0,0,0,0,No,203.34,480
138.2,6.18,147.421557,10,Southwest,6,1,0,0,0,0,1,1,0,0,1,Yes,147.42,290
153.6,1.49,174.956302,9,West,11,1,1,1,0,1,1,0,1,0,1,No,167.31,380
181.6,4.99,197.671372,10,Northeast,10,1,1,0,0,0,1,0,0,0,0,Yes,197.67,360
164.2,4.36,180.382581,3,Northeast,15,0,1,0,1,1,0,0,1,0,1,No,174.27,200
178.4,7.53,196.600762,1,Northeast,12,1,1,0,1,1,1,0,0,0,1,No,192.65,390
31.2,1.7,35.5182107,2,Southeast,19,1,1,0,0,1,1,0,1,0,0,No,33.07,20
81.2,4.35,91.7102836,10,Southeast,19,1,1,0,0,0,1,0,1,0,1,No,85.49,60
295.6,8.22,320.073664,8,Southeast,5,1,1,0,0,1,1,0,1,0,0,Yes,320.07,440
119,4.2,132.646069,7,Northeast,11,0,1,0,0,1,0,0,1,1,1,No,129.57,130
119,0.56,128.950922,1,Southeast,13,1,0,0,0,1,1,0,1,1,0,Yes,128.95,130
79.8,1.94,87.6548121,6,West,11,0,1,0,0,1,1,0,1,0,1,No,85.7,190
396.8,12.34,435.418636,9,Mid-west,4,0,1,0,0,1,1,0,0,0,1,No,428.16,830
195.6,5.27,206.953529,3,West,14,0,0,0,0,1,0,0,0,1,1,Yes,206.95,100
274.6,5.49,289.491243,1,Southeast,5,0,1,0,0,1,1,0,0,0,1,Yes,289.49,410
92.6,1.82,101.219934,7,West,19,1,0,1,0,1,1,0,0,0,1,No,97.6,60
84.2,2.11,90.8659211,7,West,16,0,1,1,0,1,1,0,1,0,1,No,86.88,210
233.2,5.92,258.14839,10,Northeast,8,0,1,0,0,0,0,0,1,0,1,No,248.92,280
249.4,10.05,272.00421,5,West,5,0,1,0,0,1,1,0,0,0,1,No,260.51,520
190.2,0.2,217.15627,8,Southeast,13,0,1,0,0,0,0,0,0,0,0,No,206.94,320
184.2,3.51,197.565744,7,Northeast,8,1,1,0,0,1,1,0,0,0,1,No,193.27,90
174,5,193.211106,9,Southwest,8,0,1,0,0,0,1,1,0,0,1,No,187.53,280
101.4,2.61,111.843125,4,West,12,0,0,0,0,1,1,0,1,0,1,No,110.68,80
189.8,4.44,208.413281,10,Northeast,12,1,1,0,0,0,0,0,0,1,1,No,201.23,90
117.4,3.36,127.057817,6,Southwest,12,0,1,0,0,1,1,1,1,0,1,No,123.73,230
88,4.1,94.804332,5,Southeast,18,1,1,0,0,0,1,0,1,1,1,No,93.84,110
68.2,0.38,72.6102901,3,West,19,1,0,0,0,1,1,0,1,0,1,No,71.99,160
377.8,7.95,411.762007,4,Southeast,3,0,1,0,0,1,0,0,1,0,0,Yes,411.76,830
219.6,5.57,240.232759,10,West,6,1,1,0,0,1,1,0,0,0,1,Yes,240.23,530
157.8,1.29,171.1274,10,Mid-west,10,0,1,0,0,0,1,1,1,0,0,No,166.58,110
113.2,7.99,119.951663,9,West,8,0,0,1,0,1,1,0,0,0,0,Yes,119.95,260
192.2,4.01,217.414463,1,West,6,1,1,1,0,1,0,0,1,0,1,Yes,217.41,380
134.4,2.31,143.095492,2,West,13,0,0,0,0,1,1,0,1,0,1,No,141.11,270
199.8,4.23,221.68519,3,Northeast,6,1,1,0,1,1,1,0,0,0,1,No,209.7,360
79.4,0.67,83.822557,10,Northeast,15,1,1,0,0,1,1,0,1,0,0,No,83.07,80
325.8,10.88,362.673243,5,West,1,0,1,0,0,0,0,0,0,0,0,Yes,362.67,680
313,12.24,335.555719,10,Mid-west,5,0,1,0,0,1,1,0,1,0,1,No,335.45,340
249.8,4.57,274.7651,7,West,7,0,1,1,0,1,1,0,0,0,1,No,269.88,150
101.8,1.18,115.924932,6,Northeast,19,0,1,0,0,1,0,0,0,0,0,No,107.3,140
61,3.45,66.7709735,1,Southeast,13,1,1,0,0,0,1,0,1,0,1,No,66.47,150
63.8,1.47,69.049704,9,Southeast,19,0,1,0,0,1,0,0,1,0,1,No,67.28,130
126.4,3.62,142.741323,5,West,11,0,1,0,0,0,1,0,0,1,1,No,134.2,200
143.6,2.03,154.454877,10,West,15,0,1,0,0,1,1,0,0,0,1,No,153.29,170
89.8,2.23,99.2612204,6,Southeast,21,1,1,0,0,1,1,0,1,0,0,No,95.76,130
117.2,6.33,129.035155,1,Southeast,15,1,1,0,0,1,1,0,0,1,1,No,127.63,190
173.4,3.5,191.264556,9,Southwest,11,0,1,0,0,0,1,1,0,0,1,No,184.02,430
171.2,7.34,184.8077,2,Southeast,15,0,1,0,0,1,0,0,0,1,1,No,183.61,240
272.8,4.95,302.804372,7,West,7,0,0,1,0,1,1,0,1,0,1,No,300.78,220
110.6,8.12,119.075771,1,Northeast,10,1,1,0,1,1,0,0,1,0,1,No,117.06,270
110,1.31,120.580849,8,Northeast,15,1,1,0,0,1,0,0,1,0,1,No,115.19,250
168.6,3.8,184.780255,5,Southeast,15,1,1,0,0,1,1,0,1,1,1,No,182.41,420
147.4,2.54,161.724521,3,Southwest,13,0,0,0,0,1,1,0,1,1,1,No,158.55,150
143,1.84,158.288377,3,Southeast,18,0,1,0,0,1,0,0,0,1,1,No,150.99,360
110.4,3.86,118.578593,8,Southeast,14,1,1,0,0,0,1,0,1,1,0,No,115.76,250
209.2,5.99,232.037875,4,Southwest,9,0,1,0,0,1,1,0,1,1,1,No,227.97,150
73.6,1.8,82.1641188,4,Southeast,13,1,1,0,0,1,0,0,1,1,1,No,77.84,120
265.2,6.56,294.73683,6,West,3,0,1,0,0,1,1,0,0,0,0,No,277.18,530
309.2,9.48,325.123138,6,Southeast,5,0,1,0,0,1,1,0,0,1,1,No,324.29,310
131.4,5.09,140.958622,7,Mid-west,11,0,1,0,0,1,1,1,0,0,1,No,140.64,110
181.4,3.36,196.769486,1,Northeast,11,0,1,0,1,1,0,0,0,0,1,No,195.99,420
159.6,1.82,175.314264,9,Northeast,13,0,1,0,0,1,0,0,1,0,1,No,166.59,320
168.6,1.28,185.212211,2,Mid-west,12,0,1,0,0,1,1,0,1,0,0,No,182.18,80
324.4,9.61,346.182962,4,West,0,0,0,0,0,0,0,0,0,0,0,Yes,346.18,550
159.6,5.63,181.127105,2,Southeast,17,1,1,0,0,1,1,0,1,1,0,No,165.19,240
190.8,6.56,212.037032,3,Southeast,11,1,1,0,0,1,0,0,1,1,0,No,204.83,130
71.4,3.28,76.9969899,5,Southeast,14,1,1,0,0,1,0,0,0,1,1,No,74.24,180
140.8,2.89,159.464546,3,Mid-west,12,1,1,0,0,0,1,0,0,0,0,No,154.46,340
116,0.67,127.258662,4,Southeast,14,1,1,0,0,1,0,0,1,1,0,No,121.78,190
41.6,3.79,45.8289329,6,Southwest,20,0,1,0,0,1,1,1,1,1,0,No,44.23,100
135.2,1.85,149.945431,10,Mid-west,14,0,1,0,0,1,1,1,0,0,0,No,146.75,90
166.8,3.62,181.495976,4,Northeast,14,1,1,0,1,1,1,0,0,0,1,No,174,170
241.2,5.35,262.943198,1,Southwest,7,0,0,0,0,1,1,0,0,0,1,No,254.97,530
178.4,2.77,195.154155,5,West,10,0,1,0,0,0,1,0,0,0,1,No,192.61,160
64.4,2.01,70.9587574,10,Mid-west,18,1,1,0,0,0,1,1,0,1,1,No,68.56,130
180.4,1.06,198.579162,8,Northeast,11,1,1,0,0,1,1,0,0,0,0,No,187.87,400
83.6,0.58,95.7627342,4,West,21,0,1,0,0,1,1,0,1,1,0,No,83.37,80
73.8,0.48,82.6490163,3,Northeast,16,1,1,0,1,1,1,0,1,0,0,No,80.17,90
93.8,2.37,100.468635,6,Southwest,23,1,1,0,0,1,1,1,1,1,1,No,99.87,120
105,4.82,118.289156,8,Northeast,13,1,1,0,0,1,0,0,0,0,0,No,111.35,230
162.4,10.17,180.911059,7,Southeast,11,1,1,0,0,1,0,0,1,0,1,No,169.7,130
54.2,2.21,59.1894792,9,Northeast,21,0,1,0,0,1,0,0,1,0,1,No,57.27,140
132.6,6.67,143.476442,8,Northeast,14,1,1,0,0,1,0,0,1,0,0,No,138.12,130
104.4,2.66,113.669851,4,West,16,0,0,0,0,1,1,0,1,0,0,No,113.22,100
96.8,4.86,108.147229,10,Mid-west,19,1,1,0,0,1,1,1,0,0,1,No,105.77,200
238,8.16,261.520912,9,Southeast,7,0,1,0,0,0,0,0,1,0,1,Yes,261.52,260
97.6,0.1,108.700317,5,West,13,0,0,0,0,1,1,0,0,0,1,No,107.39,100
109.2,2.08,124.191482,4,Southwest,12,0,1,0,0,1,1,0,1,1,1,No,120.54,90
238.2,5.32,266.178922,10,Northeast,13,0,1,0,0,1,0,0,0,1,1,No,263.31,500
181.2,2.89,197.982995,9,Northeast,11,0,1,0,0,1,1,0,0,0,0,No,196.82,430
114.8,4.03,125.230773,10,Northeast,15,1,1,0,0,0,0,0,1,0,1,No,123.82,60
229.8,5.62,254.373601,2,West,7,0,0,0,0,1,1,0,1,0,1,Yes,254.37,320
130.2,5.98,140.90372,6,Southeast,8,1,1,0,0,1,0,0,1,0,0,Yes,140.9,310
92.2,2.95,102.292692,3,West,13,1,0,0,0,1,0,0,1,0,1,No,101.5,70
249.4,8.07,265.960651,8,Mid-west,12,0,1,0,0,1,1,1,0,0,0,No,263.55,150
43,1.46,46.2537125,3,Southwest,24,1,1,0,0,1,0,0,0,1,0,No,45.89,40
178.8,8.81,199.651478,10,Northeast,7,0,0,0,0,1,1,0,0,0,1,Yes,199.65,210
299.8,5.9,330.093732,10,Southeast,6,0,1,0,0,1,0,0,0,1,1,Yes,330.09,630
377.4,11.06,410.304259,1,Southeast,4,0,1,0,0,1,0,0,1,0,1,Yes,410.3,790
60,1.9,67.5681382,5,West,14,1,0,0,0,1,1,0,1,0,1,No,63.85,90
231.4,8.82,259.092268,10,West,12,0,1,0,0,1,1,0,1,0,1,No,235.19,490
79,0.36,87.9633457,8,Northeast,22,1,1,0,0,1,1,0,0,0,1,No,86.75,50
244.2,8.64,266.353228,7,West,6,0,1,1,0,1,1,0,1,0,1,Yes,266.35,420
164.4,2.85,178.964003,2,West,19,0,0,0,0,1,1,0,1,0,0,No,178.31,390
332.8,10.1,354.732346,2,Northeast,3,0,1,0,1,1,0,0,0,0,0,Yes,354.73,430
68.8,1.17,76.3924168,5,Mid-west,14,0,1,0,0,1,1,0,0,0,1,No,75.08,100
166.8,4.02,180.938654,3,Northeast,10,0,1,0,1,1,1,0,0,0,1,No,180.48,170
55.4,0.07,61.0510575,7,Northeast,21,0,1,0,0,1,0,0,0,0,1,No,57.28,110
162.6,2.2,177.612168,7,Northeast,13,1,1,0,0,0,1,0,0,0,1,No,171.43,280
200.2,7.25,223.494442,3,Southeast,13,0,1,0,0,0,1,0,0,1,1,No,217.34,280
67.8,1.16,76.0632958,10,Northeast,18,1,1,0,0,0,1,0,1,1,0,No,72.94,70
110,4.49,123.745723,7,West,20,0,0,1,0,1,1,0,1,0,1,No,123.55,140
220.8,3.2,240.921187,9,Southwest,9,0,1,0,0,1,0,1,0,0,1,No,239.99,510
56.2,3.85,62.7106534,7,Northeast,20,0,1,0,0,1,1,0,1,0,1,No,60.8,80
158.4,3.29,177.538613,1,Southwest,14,0,1,0,0,1,1,0,0,1,0,No,173.26,270
85.4,1.51,93.4089894,7,Southeast,17,0,1,0,0,1,0,0,1,0,1,No,92.8,50
256.8,8.13,283.650622,3,Mid-west,9,0,1,0,0,1,1,0,0,0,1,No,264.68,180
95.6,1.81,102.299159,4,West,17,0,0,0,0,1,1,0,1,0,1,No,100.67,90
125.6,0.8,140.494587,9,Southeast,14,1,1,0,0,0,0,0,1,0,1,No,134.92,60
187.4,0.68,210.962144,10,Southeast,9,1,1,0,0,1,0,0,0,0,1,No,196.64,470
115.2,4.29,125.241847,6,Northeast,13,0,1,0,0,1,1,0,0,0,1,No,123.93,200
120.4,6.35,135.147377,4,Northeast,16,1,1,0,1,1,0,0,1,0,1,No,125.76,170
300.2,6.59,329.007662,7,Southwest,5,0,1,0,0,1,1,0,0,1,1,No,325.05,150
97.4,2.06,110.373465,3,West,15,1,1,0,0,1,1,0,1,0,1,No,108.49,190
67.6,1.91,74.8602985,7,Southeast,19,1,1,0,0,1,0,0,1,0,1,No,72.18,40
286.8,7.72,320.110768,5,Southwest,0,0,0,0,0,0,0,0,0,0,0,Yes,320.11,660
78.6,0.1,92.0368774,9,Mid-west,18,0,1,0,0,1,1,1,1,0,1,No,87.89,90
369,10.95,421.464321,8,Southeast,2,0,1,0,0,1,0,0,0,0,0,Yes,421.46,480
213.8,5.33,237.952181,2,West,12,1,1,0,0,1,1,0,0,1,0,No,224.05,150
237.2,5.08,269.061875,8,Northeast,6,1,1,0,0,1,1,0,0,0,0,No,263.85,190
111.6,3.16,127.85974,4,Northeast,12,0,1,0,1,1,1,0,1,0,0,No,121.49,170
94,6.26,98.44785,5,Southeast,12,0,1,0,0,1,0,0,0,1,1,No,98.34,80
156.6,2.52,173.072606,6,Northeast,15,0,1,0,0,1,1,0,0,0,0,No,172.02,220
182,0.13,197.666154,2,Northeast,14,0,1,0,1,0,1,0,0,0,1,No,190.52,270
212.6,7.99,226.832682,3,Southeast,6,1,1,0,0,1,1,0,0,1,1,Yes,226.83,230
210.8,6.38,236.874044,10,Southwest,11,0,1,0,0,1,1,1,1,0,1,No,227.36,460
85,6.92,94.2704135,9,Northeast,17,1,1,0,0,0,0,0,0,0,1,No,93.65,80
140,1.75,151.49833,6,Mid-west,10,0,0,0,0,1,0,1,0,0,1,No,150.94,150
133.4,3.09,148.489116,8,Southwest,12,1,1,0,0,1,1,1,0,0,0,No,144.17,130
160.6,6.09,178.1162,6,Southwest,13,0,1,0,0,1,1,1,0,0,1,No,166.53,140
207,5.63,218.96056,2,West,6,0,0,0,0,0,0,0,1,0,0,Yes,218.96,430
183.8,6.89,200.175504,3,Mid-west,12,1,1,0,0,1,1,0,0,0,1,No,191.73,440
83,1.72,91.0899508,6,Southeast,16,1,1,0,0,1,0,0,1,0,0,No,88.76,50
93.8,1.4,103.885621,5,Northeast,19,0,1,0,0,1,0,0,1,0,1,No,102.5,60
190.6,5.53,210.37804,10,Southwest,14,1,0,0,0,0,1,1,0,0,1,No,200.13,480
265.6,6.29,292.738912,5,West,8,0,1,0,0,1,1,0,0,0,1,No,275.6,320
31,0.28,34.296242,3,Southeast,21,1,1,0,0,1,0,0,1,1,0,No,32.85,40
320,13.07,348.967222,9,Northeast,13,0,1,0,0,0,1,0,0,0,1,No,343.66,380
56.8,0.12,64.1297075,2,Mid-west,21,1,1,0,0,0,0,0,1,0,1,No,62.84,120
46,2.81,50.8126357,4,Northeast,15,1,1,0,1,1,1,0,1,0,0,No,49.65,120
145.6,6.02,153.493837,9,Southeast,15,0,1,0,0,1,0,0,0,0,0,Yes,153.49,70
105.4,1.88,118.419202,2,Southwest,22,0,1,0,0,1,1,0,1,1,0,No,114.07,260
115.6,2.78,128.567933,7,Northeast,17,1,1,0,0,1,0,0,1,0,0,No,122.7,70
144.6,3.37,160.292684,5,Southwest,10,0,0,0,0,1,0,0,0,0,1,No,154.35,140
151.4,1.35,169.175521,1,Northeast,9,0,1,0,1,1,1,0,0,0,1,No,162.65,260
142.2,1.55,157.030048,5,Northeast,16,0,1,0,0,1,1,0,0,0,1,No,147.72,160
198.8,3.29,212.382767,7,Southwest,10,1,0,0,0,1,1,1,0,0,1,No,209.49,260
160.2,6.61,178.520329,6,Northeast,7,0,1,0,0,0,1,0,1,0,0,No,176.27,240
127.2,0.08,136.564083,8,Northeast,20,0,0,0,0,1,0,0,0,0,0,No,134.08,250
118.6,1.87,133.03866,4,West,18,0,1,0,0,1,0,0,1,0,1,No,128.93,250
254.2,5.47,277.892018,7,Mid-west,7,1,1,0,0,1,1,1,1,0,0,No,267.14,480
194.4,5.15,212.411594,4,Northeast,12,1,1,0,1,1,1,0,0,0,1,No,209.03,190
508.2,17.42,564.792369,6,Southwest,4,0,1,0,0,1,0,0,0,1,0,No,554.58,510
163.8,7.18,180.636814,6,Southeast,12,1,1,0,0,1,0,0,0,0,0,No,177.06,110
64.4,1.07,71.2538642,9,Southwest,17,0,1,0,0,1,0,1,1,0,1,No,68.3,150
171.6,5.1,190.878011,3,West,12,1,1,0,0,0,1,0,0,0,1,No,188.29,290
82.4,1.21,90.1250134,9,Southwest,14,0,0,0,0,1,1,0,1,1,1,No,88.12,110
300.8,9.36,336.410708,8,Mid-west,5,0,1,0,0,1,1,0,0,0,0,No,314.61,240
76.4,1.13,80.8892271,2,Southwest,17,0,1,0,0,1,0,0,1,1,0,No,80.42,170
218,6.77,229.752774,6,Southeast,6,0,1,0,0,1,0,0,0,0,0,Yes,229.75,520
99.4,1.1,109.874597,5,West,15,0,1,0,0,1,1,0,1,0,1,No,106.51,190
181,6.05,200.71285,9,West,10,0,1,1,0,0,1,0,0,0,1,Yes,200.71,110
302.2,9.28,337.114563,7,Southeast,6,0,1,0,0,1,1,0,0,0,1,No,310.22,270
158.4,2.2,170.930149,9,Northeast,10,1,1,0,0,1,0,0,0,0,1,Yes,170.93,380
143.6,4.14,159.565113,3,Northeast,16,0,1,0,0,1,0,0,0,0,1,No,158.9,320
68.6,2.01,75.3972069,2,West,12,1,1,0,0,1,1,0,1,0,1,No,70.22,50
205.2,2.31,229.125148,10,Mid-west,12,0,1,0,0,0,0,1,0,0,1,No,222.75,250
139.6,4.1,164.390862,10,West,12,0,1,0,0,0,0,0,0,0,1,No,146.49,170
124,2.07,137.936713,5,Northeast,15,1,1,0,0,1,1,0,1,0,1,No,132.15,310
378.8,13.74,422.130362,8,Southeast,1,0,0,0,0,1,0,0,0,0,0,Yes,422.13,230
138.6,3.25,149.37219,2,Northeast,15,0,1,0,1,1,1,0,1,0,0,No,147.21,220
108,1.75,117.110354,7,Southwest,14,0,0,0,0,1,1,0,0,0,1,No,115.72,210
68.8,1.14,72.844323,8,Southwest,18,1,1,0,0,1,1,1,1,1,0,No,70.66,150
123.8,4.45,137.632943,1,Northeast,12,0,1,0,1,1,1,0,0,0,1,No,134.89,140
101.6,5.58,110.95246,10,Southwest,15,0,0,0,0,1,1,1,1,0,0,No,109.49,90
137.2,1.04,153.85295,5,West,9,0,1,0,0,1,1,0,0,0,1,No,146.23,140
128.8,3,141.066299,3,Southeast,15,1,1,0,0,1,0,0,0,1,1,No,134.78,60
152.8,5.39,157.663285,4,Southeast,7,1,1,0,0,1,1,0,0,1,0,Yes,157.66,110
109.4,0.19,118.731274,8,Northeast,17,0,0,0,0,1,0,0,0,0,1,No,114.64,100
180.4,3.29,193.618304,1,Northeast,6,1,1,0,1,1,1,0,0,0,1,No,191.61,410
102.4,3.17,110.331035,6,West,14,0,1,0,0,1,1,0,1,0,0,No,109.9,220
148.6,7.67,163.945121,10,Northeast,13,0,1,0,0,0,1,0,0,1,0,No,161.91,150
120,2.13,133.339373,2,West,17,0,1,0,0,0,1,0,1,0,1,No,131.15,230
372.8,10.23,403.574628,1,Northeast,7,1,1,0,1,1,1,0,1,0,1,No,395.76,780
176.4,4.18,190.938478,6,Southeast,11,1,1,0,0,0,0,0,1,0,0,No,182.67,320
269.8,4.59,309.660605,5,West,4,0,0,0,0,1,0,0,0,0,1,No,284.73,620
103,0.89,111.344949,8,Southeast,15,0,0,0,0,1,0,0,1,0,0,No,110.66,250
138.6,2.54,150.030892,9,Northeast,9,0,1,0,0,1,0,0,1,0,1,No,146.61,100
277.4,3.86,297.871522,6,Southeast,4,1,1,0,0,1,0,0,1,0,0,Yes,297.87,220
203.2,5.29,225.213391,7,West,9,0,1,1,0,1,1,0,0,0,1,Yes,225.21,390
209.8,2.78,233.223908,9,Northeast,12,0,1,0,0,0,0,0,0,0,1,Yes,233.22,100
40.2,0.24,44.8220461,9,Mid-west,20,1,1,0,0,1,1,1,0,0,1,No,41.7,80
249.6,5.56,280.022183,10,Southeast,7,0,1,0,0,1,0,0,0,0,1,No,266.13,470
150.6,7.03,168.018212,2,West,13,0,0,0,0,1,1,0,0,0,1,No,160.1,360
38.8,4.21,44.5324221,5,Southeast,16,1,1,0,0,0,1,0,1,1,1,No,41.34,70
79.6,1.48,84.9435023,8,West,17,0,1,0,0,1,1,0,0,0,1,No,84.42,140
204,5.86,227.943394,2,Southeast,12,0,1,0,0,1,0,0,0,1,0,No,217.85,510
289.2,7.67,303.583059,3,West,1,0,1,0,0,0,0,0,0,0,0,Yes,303.58,580
145.8,4.52,164.649556,5,West,13,0,1,0,0,1,1,0,1,0,0,No,154.17,100
194.2,4.62,223.209563,8,West,12,0,0,0,0,1,1,0,0,0,1,No,211.82,250
45.4,1.05,50.3400676,8,Southwest,18,0,0,0,0,1,1,1,0,1,0,No,47.69,70
87.6,2.69,96.6188513,2,Northeast,11,1,1,0,1,1,0,0,1,0,0,No,92.3,180
189,8.65,216.340763,5,Southeast,10,1,1,0,0,1,1,0,1,1,1,No,209.97,320
81.8,5.87,90.9683032,10,West,11,0,0,0,0,1,1,0,1,0,1,No,88.76,200
61.6,1.1,66.6613754,10,West,21,0,1,0,0,1,1,0,1,1,1,No,66.59,30
159.2,0.45,174.398309,6,Southeast,6,1,1,0,0,1,1,0,0,0,0,No,174.38,80
158,4.68,180.291622,2,Southeast,19,0,1,0,0,1,1,0,0,1,0,No,165.68,300
457.6,13.3,509.263707,1,West,5,0,1,0,0,1,0,0,0,0,1,Yes,509.26,230
344.8,11.61,380.630055,3,Northeast,6,1,1,0,1,1,1,0,0,0,1,No,371.41,170
100.6,6.78,109.584411,1,Northeast,15,0,1,0,1,1,1,0,1,0,1,No,105.77,210
201.6,5.44,213.17616,4,Southeast,11,0,1,0,0,1,1,0,0,1,1,No,212.75,260
100.2,2.65,109.105238,8,West,14,0,1,0,0,1,1,0,0,0,0,No,105.65,110
118.2,2.65,128.619182,5,West,18,0,1,0,0,1,1,0,1,0,1,No,127.48,80
44,0.67,49.2192422,6,Northeast,12,0,1,0,0,1,0,0,1,0,0,No,48.08,70
161.2,8.38,174.015283,6,Southeast,8,1,1,0,0,1,1,0,0,0,0,No,172.68,350
72.4,1.96,78.8932263,3,Southwest,15,1,1,0,0,1,1,0,1,0,1,No,78.52,110
56.6,2.99,62.2377934,8,West,21,0,0,0,0,0,1,0,1,0,0,No,58.54,120
193.6,5.55,210.820946,8,Mid-west,12,0,1,0,0,1,1,0,0,0,1,No,206.45,350
130.6,0.24,150.917285,4,West,14,1,0,0,0,1,0,0,1,0,1,No,136.67,270
141.6,3.25,154.731186,9,Northeast,14,1,1,0,0,0,0,0,0,0,0,Yes,154.73,160
155.6,3.05,166.639032,4,Southeast,14,1,1,0,0,1,1,0,0,1,1,No,166.51,300
176.2,3.87,202.214939,2,Southeast,15,0,1,0,0,1,0,0,0,1,1,No,191.05,300
121.4,3.74,130.939692,5,Southwest,15,0,0,0,0,1,1,0,0,1,1,No,129.86,180
99.8,2.5,110.420591,4,West,11,1,1,0,0,1,1,0,1,0,0,No,107.78,70
123.8,3.11,136.018882,7,Northeast,14,0,1,0,0,1,0,0,0,0,0,No,130.49,240
115.6,2.89,125.126279,5,Northeast,13,1,1,0,0,1,0,0,1,0,1,No,123.68,250
206.6,5.34,220.26226,8,Northeast,10,0,1,0,0,1,0,0,0,0,0,Yes,220.26,370
151.2,0.67,162.068583,10,West,15,0,1,0,0,1,1,0,0,0,1,No,161.58,300
89.4,2.75,97.8959778,1,Northeast,13,1,0,0,1,1,0,0,0,1,1,No,94.85,70
302.2,9.49,323.856089,6,West,4,0,1,0,0,1,1,0,0,0,0,No,319.11,660
109.6,1.11,123.499926,8,Northeast,20,0,1,0,0,0,0,0,1,0,1,No,119.24,140
199.8,6.08,213.366929,7,Southwest,10,1,0,0,0,1,1,1,1,0,1,No,208.12,240
210.2,2.65,234.546393,5,Southwest,10,1,1,0,0,0,1,0,0,0,0,No,223.75,320
312,4.05,345.022815,2,Southwest,4,0,1,0,0,1,1,0,0,1,0,Yes,345.02,370
182.8,4.21,209.040134,4,West,14,1,0,0,0,1,1,0,1,0,1,No,201.21,110
120.6,4.32,133.747423,10,Northeast,16,1,1,0,0,1,0,0,0,0,1,No,129.55,130
323.4,8.95,348.740726,9,Northeast,9,0,1,0,0,0,1,0,0,0,1,Yes,348.74,490
129.6,0.57,139.549433,5,Northeast,14,1,1,0,0,1,0,0,1,0,1,No,138.87,290
75.2,0.54,82.1075598,8,West,20,1,1,0,0,1,1,0,1,0,1,No,82.01,80
188.6,6.96,200.389738,6,West,9,0,1,0,0,1,1,0,1,0,0,No,196.87,130
109.2,2.91,124.306082,6,Southeast,12,1,1,0,0,1,1,0,1,0,1,No,117.66,210
378.4,9.16,428.573955,7,Northeast,1,0,1,0,0,0,0,0,0,0,0,Yes,428.57,610
441,10.86,499.900802,3,West,4,0,1,0,0,1,1,0,0,0,1,Yes,499.9,1060
155,4.51,166.709337,10,West,13,1,0,0,0,0,1,0,0,0,1,No,166.33,340
137.6,5.69,150.560395,9,Northeast,13,1,0,0,0,0,0,0,1,0,0,Yes,150.56,80
210.8,6.6,220.404375,4,West,10,1,0,0,0,1,1,0,0,0,1,Yes,220.4,130
379.2,9.62,433.375548,4,West,1,0,1,0,0,0,0,0,0,0,0,No,410.24,340
134.2,1.37,143.682218,1,Southeast,15,0,1,0,0,1,0,0,0,1,1,No,142.46,160
218.6,0.65,243.512624,9,West,7,0,1,1,0,1,0,0,1,0,0,Yes,243.51,500
318.4,4.58,344.910811,4,West,6,1,1,0,0,1,1,0,0,0,1,No,341.54,640
192.8,1.06,208.750205,9,Southeast,5,1,1,0,0,0,1,0,1,0,1,No,198.3,120
192.6,8.12,210.11895,10,Mid-west,8,1,1,0,0,0,1,1,0,0,1,No,201.67,190
70.8,2.74,77.2515189,5,Mid-west,18,0,1,0,0,1,1,0,1,1,1,No,75.44,150
145.8,6.29,156.812658,3,Northeast,13,0,1,0,1,1,0,0,0,0,1,Yes,156.81,230
115.2,3.66,126.781242,9,West,14,0,1,1,0,0,1,0,1,0,1,No,123.79,140
117.8,0.51,133.102469,2,Northeast,16,1,1,0,1,1,1,0,0,0,1,No,121.23,120
208.4,5.39,229.174153,8,Mid-west,13,0,1,0,0,1,0,0,0,0,1,No,217.1,440
225.8,5.84,253.467703,7,Southwest,10,0,0,0,0,1,1,1,0,1,1,No,245.94,560
170,8.83,182.203457,1,Southwest,16,0,1,0,0,1,1,0,0,1,1,No,179.56,100
59.8,1.73,66.7893473,9,Southwest,14,0,0,0,0,1,1,0,1,0,1,No,63.14,140
122,3.88,133.768434,7,Mid-west,15,0,1,0,0,1,1,1,1,0,0,No,127.2,180
203,9.34,219.491067,10,Southeast,4,0,1,0,0,1,1,0,0,0,1,Yes,219.49,140
216.8,7.7,239.34666,5,Northeast,17,0,1,0,0,1,0,0,0,0,1,No,229.09,330
48.2,0.91,52.8278811,7,West,17,1,0,1,0,0,1,0,1,0,1,No,51.47,30
126,0.63,136.98979,9,Northeast,17,0,1,0,0,1,0,0,1,1,1,No,131.68,80
223,4.74,244.738142,7,Southeast,9,1,1,0,0,1,0,0,0,0,1,No,243.61,450
96.4,1.86,109.523858,8,West,11,0,0,0,0,1,1,0,1,0,1,No,107.11,160
94.2,1.47,105.758621,8,West,17,0,0,0,0,1,1,0,1,0,0,No,100.74,100
114.2,3.23,125.784184,2,Southwest,14,0,0,0,0,0,1,0,1,1,1,No,122.29,150
164.4,4.77,176.760024,7,Northeast,10,0,1,0,0,1,1,0,0,0,1,Yes,176.76,280
73.4,0.45,80.1607454,3,West,18,1,1,0,0,1,1,0,0,0,1,No,78.62,40
292,6.49,313.661171,3,Southwest,11,0,1,0,0,0,0,0,0,0,1,No,305.28,530
107.8,0.03,119.672644,7,Northeast,19,0,0,0,0,1,0,0,1,0,1,No,111.26,240
112,3.81,123.170843,3,West,15,0,1,0,0,1,1,0,1,1,1,No,121.6,240
151.2,1.69,166.823351,6,Southeast,16,0,1,0,0,0,0,0,0,0,0,No,166.44,170
152.8,0.96,165.893436,8,Southeast,13,0,0,0,0,1,0,0,0,0,0,Yes,165.89,240
27.4,0.01,30.1563184,5,Northeast,16,1,1,0,0,0,0,0,1,0,0,No,28.42,60
144.8,3.75,157.510495,8,Mid-west,5,0,0,0,0,1,0,1,1,0,1,Yes,157.51,200
170.4,9.61,191.545195,9,Mid-west,14,0,1,0,0,0,0,0,0,1,1,No,181.59,410
126.2,4.29,138.528537,9,West,14,0,0,1,0,0,1,0,0,0,1,No,136.57,250
112.4,1.99,126.733867,10,Northeast,14,1,1,0,0,1,1,0,1,0,0,No,119.1,220
109.6,4.62,120.070375,1,Southeast,11,1,1,0,0,1,0,0,1,1,1,No,113.12,100
136.6,7.44,147.01621,7,West,13,0,1,1,0,1,1,0,0,0,1,No,146.99,180
253,4.58,271.554107,10,West,1,0,0,0,0,0,0,0,0,0,1,Yes,271.55,180
104.6,3.44,114.367631,3,Southwest,18,0,1,0,0,1,1,0,1,1,1,No,114.22,250
95.4,7.23,104.391827,10,Southeast,8,1,1,0,0,0,0,0,1,0,1,Yes,104.39,80
98.8,0.39,107.843156,9,West,15,0,1,1,0,1,1,0,1,0,1,No,105.65,120
257.8,6.68,279.984294,6,Mid-west,10,1,1,0,0,1,1,1,0,1,0,No,270.92,440
